Повтор,Погрузка,Время общее,Пробег общий,Утил.,Утил. %,АХ/Аренда/Найм,Характеристики ТС,ID маршрута,Порядковый номер,Госномер / Наименование ТС,Водитель,Статус,Дата доставки,Точка отгрузки,Порядковый номер точки,Тип операции на точке,Наименование точки,Получатель,Адрес точки,Координаты (Широта;Долгота),Зона доставки,"Прибытие на точку, план","Убытие с точки, план",Продолжительность пребывания на точке,Величина опоздания,Величина ожидания,Начало окна приемки,Окончание окна приемки,"Пробег от предыдущей точки, км",Номер заказа,"Грузомест, шт",Тип ГМ,"Паллет, шт","Вес груза, кг","Объем груза, м3"
1,A111AA799,"9 ч, 44 мин","281 км, 769 м",9/10,90.0,Найм,5т,,1,A111AA799,,Черновик,28.03.2025,8023,1,Погрузка,8023,,,55.668845;37.647295,,28.03.2025 -1:50,28.03.2025 01:20,"1 ч, 30 мин",0,0,,,0.0,,,Паллета,,,
0,A111AA799,"9 ч, 44 мин","281 км, 769 м",9/10,90.0,Найм,5т,,1,A111AA799,,Черновик,28.03.2025,8023,2,Разгрузка,636,,"ООО ""Лента"", 143132, Московская область, Рузский р-н,Тучково рп, ул. Партизан, д.6",55.59822;36.46984,,28.03.2025 03:20,28.03.2025 04:00,"0 ч, 40 мин",0,0,28.03.2025 00:41,28.03.2025 05:20,99.552,,2.0,Паллета,2,,
0,A111AA799,"9 ч, 44 мин","281 км, 769 м",9/10,90.0,Найм,5т,,1,A111AA799,,Черновик,28.03.2025,8023,3,Разгрузка,3091,,"МО, Рузский г.о.,п.Дорохово, ул. Невкипелого, д. 6а",55.54636;36.36936,,28.03.2025 04:58,28.03.2025 05:38,"0 ч, 40 мин",0,0,28.03.2025 00:41,28.03.2025 05:20,17.635,,3.0,Паллета,3,,
0,A111AA799,"9 ч, 44 мин","281 км, 769 м",9/10,90.0,Найм,5т,,1,A111AA799,,Черновик,28.03.2025,8023,4,Разгрузка,3197,,"Калужская обл,  Жуковский р, д. Папино, д 93",55.20888;36.94717,,28.03.2025 07:16,28.03.2025 07:56,"0 ч, 40 мин",0,0,28.03.2025 00:41,28.03.2025 05:20,76.557,,4.0,Паллета,4,,
0,A111AA799,"9 ч, 44 мин","281 км, 769 м",9/10,90.0,Найм,5т,,1,A111AA799,,Черновик,28.03.2025,8023,5,Возврат тары,8023,,,55.668845;37.647295,,28.03.2025 09:34,28.03.2025 09:34,"0 ч, 0 мин",0,0,,,88.025,,,Паллета,,,
1,A111AA800,"10 ч, 22 мин","305 км, 923 м",10/10,100.0,Найм,5т,,2,A111AA800,,Черновик,28.03.2025,8023,1,Погрузка,8023,,,55.668845;37.647295,,28.03.2025 -1:31,28.03.2025 01:01,"1 ч, 30 мин",0,0,,,0.0,,,Паллета,,,
0,A111AA800,"10 ч, 22 мин","305 км, 923 м",10/10,100.0,Найм,5т,,2,A111AA800,,Черновик,28.03.2025,8023,2,Разгрузка,3168,,"МО, г.о Истра, ул. Урицкого д. 120",55.93013;36.8696,,28.03.2025 02:42,28.03.2025 03:22,"0 ч, 40 мин",0,0,28.03.2025 00:41,28.03.2025 05:20,78.488,,6.0,Паллета,6,,
0,A111AA800,"10 ч, 22 мин","305 км, 923 м",10/10,100.0,Найм,5т,,2,A111AA800,,Черновик,28.03.2025,8023,3,Разгрузка,3088,,"MО, Дмитровский р, Семеновское, c113",56.32394;37.13097,,28.03.2025 04:58,28.03.2025 05:38,"0 ч, 40 мин",0,0,28.03.2025 00:41,28.03.2025 05:20,68.641,,1.0,Паллета,1,,
0,A111AA800,"10 ч, 22 мин","305 км, 923 м",10/10,100.0,Найм,5т,,2,A111AA800,,Черновик,28.03.2025,8023,4,Разгрузка,3025,,"МО, г. Хотькова, ул. Майолик (строительный)",56.25299;37.98107,,28.03.2025 07:25,28.03.2025 08:05,"0 ч, 40 мин",0,0,28.03.2025 00:41,28.03.2025 05:20,73.746,,3.0,Паллета,3,,
0,A111AA800,"10 ч, 22 мин","305 км, 923 м",10/10,100.0,Найм,5т,,2,A111AA800,,Черновик,28.03.2025,8023,5,Возврат тары,8023,,,55.668845;37.647295,,28.03.2025 09:53,28.03.2025 09:53,"0 ч, 0 мин",0,0,,,85.048,,,Паллета,,,
1,A111AA809,"8 ч, 35 мин","302 км, 690 м",12/14,85.71428571428571,Найм,6т,,3,A111AA809,,Черновик,28.03.2025,8023,1,Погрузка,8023,,,55.668845;37.647295,,28.03.2025 -1:50,28.03.2025 01:20,"1 ч, 30 мин",0,0,,,0.0,,,Паллета,,,
0,A111AA809,"8 ч, 35 мин","302 км, 690 м",12/14,85.71428571428571,Найм,6т,,3,A111AA809,,Черновик,28.03.2025,8023,2,Разгрузка,603,,"ООО ""Лента"", 142605, Московская обл., г. Орехово-Зуево, ул. Ленина, д. 44А",55.80203;38.98122,,28.03.2025 03:20,28.03.2025 04:00,"0 ч, 40 мин",0,0,28.03.2025 00:41,28.03.2025 05:20,102.456,,5.0,Паллета,5,,
0,A111AA809,"8 ч, 35 мин","302 км, 690 м",12/14,85.71428571428571,Найм,6т,,3,A111AA809,,Черновик,28.03.2025,8023,3,Разгрузка,927110,,"Россия, Московская область, Орехово-Зуевский район, посёлок Авсюнино, ул. Энтузиастов, 40",55.55885;39.10485,,28.03.2025 05:18,28.03.2025 05:58,"0 ч, 40 мин",0,0,28.03.2025 00:41,28.03.2025 05:20,40.825,,4.9,Паллета,7,,
0,A111AA809,"8 ч, 35 мин","302 км, 690 м",12/14,85.71428571428571,Найм,6т,,3,A111AA809,,Черновик,28.03.2025,8023,4,Возврат тары,8023,,,55.668845;37.647295,,28.03.2025 08:25,28.03.2025 08:25,"0 ч, 0 мин",0,0,,,159.409,,,Паллета,,,
1,A111AA810,"8 ч, 5 мин","258 км, 331 м",13/14,92.85714285714286,Найм,6т,,4,A111AA810,,Черновик,28.03.2025,8023,1,Погрузка,8023,,,55.668845;37.647295,,28.03.2025 00:00,28.03.2025 01:30,"1 ч, 30 мин",0,0,,,0.0,,,Паллета,,,
0,A111AA810,"8 ч, 5 мин","258 км, 331 м",13/14,92.85714285714286,Найм,6т,,4,A111AA810,,Черновик,28.03.2025,8023,2,Разгрузка,610,,"ООО ""Лента"", 249091, Калужская обл., Малоярославецкий р-н, г. Малоярославец, ул. Парижской Коммуны, д. 51",55.00823;36.47808,,28.03.2025 03:40,28.03.2025 04:20,"0 ч, 40 мин",0,0,28.03.2025 00:41,28.03.2025 05:20,125.705,,5.0,Паллета,5,,
0,A111AA810,"8 ч, 5 мин","258 км, 331 м",13/14,92.85714285714286,Найм,6т,,4,A111AA810,,Черновик,28.03.2025,8023,3,Разгрузка,3076,,"Калужская обл., Боровский р-н, дер. Кабицино",55.14402;36.63075,,28.03.2025 05:24,28.03.2025 06:04,"0 ч, 40 мин",0,0,28.03.2025 00:41,28.03.2025 05:20,23.295,,8.0,Паллета,8,,
0,A111AA810,"8 ч, 5 мин","258 км, 331 м",13/14,92.85714285714286,Найм,6т,,4,A111AA810,,Черновик,28.03.2025,8023,4,Возврат тары,8023,,,55.668845;37.647295,,28.03.2025 08:05,28.03.2025 08:05,"0 ч, 0 мин",0,0,,,109.331,,,Паллета,,,
1,A111AA811,"9 ч, 27 мин","271 км, 276 м",14/14,100.0,Найм,6т,,5,A111AA811,,Черновик,28.03.2025,8023,1,Погрузка,8023,,,55.668845;37.647295,,28.03.2025 -1:33,28.03.2025 01:03,"1 ч, 30 мин",0,0,,,0.0,,,Паллета,,,
0,A111AA811,"9 ч, 27 мин","271 км, 276 м",14/14,100.0,Найм,6т,,5,A111AA811,,Черновик,28.03.2025,8023,2,Разгрузка,630,,"ООО ""Лента"", 142214, Московская обл., г.Серпухов, ул. Ворошилова, д. 139",54.92402;37.44163,,28.03.2025 02:46,28.03.2025 03:26,"0 ч, 40 мин",0,0,28.03.2025 00:41,28.03.2025 05:20,94.605,,5.0,Паллета,5,,
0,A111AA811,"9 ч, 27 мин","271 км, 276 м",14/14,100.0,Найм,6т,,5,A111AA811,,Черновик,28.03.2025,8023,3,Разгрузка,927109,,"МО, г. о. Серпухов, д. Дашковка 94 Б ТО 19.03.2022",54.89627;37.33648,,28.03.2025 04:15,28.03.2025 04:55,"0 ч, 40 мин",0,0,28.03.2025 00:41,28.03.2025 05:20,8.273,,4.2,Паллета,6,,
0,A111AA811,"9 ч, 27 мин","271 км, 276 м",14/14,100.0,Найм,6т,,5,A111AA811,,Черновик,28.03.2025,8023,4,Разгрузка,513,,"Московская обл., Наро-Фоминский г.о., д.Атепцево, Совхозная ул., д.7в",55.33469;36.754,,28.03.2025 06:40,28.03.2025 07:20,"0 ч, 40 мин",0,0,28.03.2025 00:41,28.03.2025 05:20,85.837,,3.0,Паллета,3,,
0,A111AA811,"9 ч, 27 мин","271 км, 276 м",14/14,100.0,Найм,6т,,5,A111AA811,,Черновик,28.03.2025,8023,5,Возврат тары,8023,,,55.668845;37.647295,,28.03.2025 09:00,28.03.2025 09:00,"0 ч, 0 мин",0,0,,,82.561,,,Паллета,,,
1,A111AA812,"7 ч, 21 мин","184 км, 767 м",14/14,100.0,Найм,6т,,6,A111AA812,,Черновик,28.03.2025,8023,1,Погрузка,8023,,,55.668845;37.647295,,28.03.2025 -1:23,28.03.2025 00:53,"1 ч, 30 мин",0,0,,,0.0,,,Паллета,,,
0,A111AA812,"7 ч, 21 мин","184 км, 767 м",14/14,100.0,Найм,6т,,6,A111AA812,,Черновик,28.03.2025,8023,2,Разгрузка,3134,,"МО, Раменский г.о., с. Заворово (строительный)",55.34295;38.23146,,28.03.2025 02:26,28.03.2025 03:06,"0 ч, 40 мин",0,0,28.03.2025 00:41,28.03.2025 05:20,75.386,,10.0,Паллета,10,,
0,A111AA812,"7 ч, 21 мин","184 км, 767 м",14/14,100.0,Найм,6т,,6,A111AA812,,Черновик,28.03.2025,8023,3,Разгрузка,927678,,"МО, Воскресенск, город Белоозерский, ул. Коммунальная, 12",55.45678;38.44456,,28.03.2025 04:14,28.03.2025 04:54,"0 ч, 40 мин",0,0,28.03.2025 00:41,28.03.2025 05:20,30.207,,2.8,Паллета,4,,
0,A111AA812,"7 ч, 21 мин","184 км, 767 м",14/14,100.0,Найм,6т,,6,A111AA812,,Черновик,28.03.2025,8023,4,Возврат тары,8023,,,55.668845;37.647295,,28.03.2025 06:44,28.03.2025 06:44,"0 ч, 0 мин",0,0,,,79.174,,,Паллета,,,
1,A111AA813,"6 ч, 20 мин","117 км, 565 м",13/14,92.85714285714286,Найм,6т,,7,A111AA813,,Черновик,28.03.2025,8023,1,Погрузка,8023,,,55.668845;37.647295,,28.03.2025 -1:14,28.03.2025 00:44,"1 ч, 30 мин",0,0,,,0.0,,,Паллета,,,
0,A111AA813,"6 ч, 20 мин","117 км, 565 м",13/14,92.85714285714286,Найм,6т,,7,A111AA813,,Черновик,28.03.2025,8023,2,Разгрузка,642,,"Россия, Московская область, Наро-Фоминский городской округ, рабочий посёлок Селятино, Больничная улица, 10А",55.51229;36.97527,,28.03.2025 02:08,28.03.2025 02:48,"0 ч, 40 мин",0,0,28.03.2025 00:41,28.03.2025 05:20,58.47,,4.0,Паллета,4,,
0,A111AA813,"6 ч, 20 мин","117 км, 565 м",13/14,92.85714285714286,Найм,6т,,7,A111AA813,,Черновик,28.03.2025,8023,3,Разгрузка,3024,,"Московская обл., Селятино г., Спортивная ул., д.1",55.51966;36.98683,,28.03.2025 03:32,28.03.2025 04:12,"0 ч, 40 мин",0,0,28.03.2025 00:41,28.03.2025 05:20,1.496,,9.0,Паллета,9,,
0,A111AA813,"6 ч, 20 мин","117 км, 565 м",13/14,92.85714285714286,Найм,6т,,7,A111AA813,,Черновик,28.03.2025,8023,4,Возврат тары,8023,,,55.668845;37.647295,,28.03.2025 05:34,28.03.2025 05:34,"0 ч, 0 мин",0,0,,,57.599,,,Паллета,,,
1,A111AA814,"7 ч, 18 мин","198 км, 605 м",13/14,92.85714285714286,Найм,6т,,8,A111AA814,,Черновик,28.03.2025,8023,1,Погрузка,8023,,,55.668845;37.647295,,28.03.2025 -1:36,28.03.2025 01:06,"1 ч, 30 мин",0,0,,,0.0,,,Паллета,,,
0,A111AA814,"7 ч, 18 мин","198 км, 605 м",13/14,92.85714285714286,Найм,6т,,8,A111AA814,,Черновик,28.03.2025,8023,2,Разгрузка,3119,,"КО, д. Воробьи, ул. Московская, 21 (строительный)",55.14598;36.79923,,28.03.2025 02:52,28.03.2025 03:32,"0 ч, 40 мин",0,0,28.03.2025 00:41,28.03.2025 05:20,99.705,,8.0,Паллета,8,,
0,A111AA814,"7 ч, 18 мин","198 км, 605 м",13/14,92.85714285714286,Найм,6т,,8,A111AA814,,Черновик,28.03.2025,8023,3,Разгрузка,1464,,"г. Москва, Скандинавский б-р, д.1 стр.4",55.56836;37.49577,,28.03.2025 05:10,28.03.2025 05:50,"0 ч, 40 мин",0,0,28.03.2025 00:41,28.03.2025 05:20,74.023,,5.0,Паллета,5,,
0,A111AA814,"7 ч, 18 мин","198 км, 605 м",13/14,92.85714285714286,Найм,6т,,8,A111AA814,,Черновик,28.03.2025,8023,4,Возврат тары,8023,,,55.668845;37.647295,,28.03.2025 06:54,28.03.2025 06:54,"0 ч, 0 мин",0,0,,,24.877,,,Паллета,,,
1,A111AA815,"4 ч, 26 мин","67 км, 718 м",13/14,92.85714285714286,Найм,6т,,9,A111AA815,,Черновик,28.03.2025,8023,1,Погрузка,8023,,,55.668845;37.647295,,28.03.2025 -1:00,28.03.2025 00:30,"1 ч, 30 мин",0,0,,,0.0,,,Паллета,,,
0,A111AA815,"4 ч, 26 мин","67 км, 718 м",13/14,92.85714285714286,Найм,6т,,9,A111AA815,,Черновик,28.03.2025,8023,2,Разгрузка,670,,"ООО ""Лента"", 143001, Московская область, г. Одинцово, поселок Трехгорка, ул. Трехгорная, д.6",55.69698;37.33671,,28.03.2025 01:40,28.03.2025 02:20,"0 ч, 40 мин",0,0,28.03.2025 00:41,28.03.2025 05:20,38.597,,13.0,Паллета,13,,
0,A111AA815,"4 ч, 26 мин","67 км, 718 м",13/14,92.85714285714286,Найм,6т,,9,A111AA815,,Черновик,28.03.2025,8023,3,Возврат тары,8023,,,55.668845;37.647295,,28.03.2025 03:26,28.03.2025 03:26,"0 ч, 0 мин",0,0,,,29.121,,,Паллета,,,
1,A111AA816,"4 ч, 13 мин","46 км, 145 м",13/14,92.85714285714286,Найм,6т,,10,A111AA816,,Черновик,28.03.2025,8023,1,Погрузка,8023,,,55.668845;37.647295,,28.03.2025 -2:51,28.03.2025 00:21,"1 ч, 30 мин",0,0,,,0.0,,,Паллета,,,
0,A111AA816,"4 ч, 13 мин","46 км, 145 м",13/14,92.85714285714286,Найм,6т,,10,A111AA816,,Черновик,28.03.2025,8023,2,Разгрузка,1335,,"г. Москва, Маршала Жукова пр-т, д.42 стр.1",55.7768;37.47039,,28.03.2025 01:22,28.03.2025 02:02,"0 ч, 40 мин",0,0,28.03.2025 00:41,28.03.2025 05:20,22.075,,13.0,Паллета,13,,
0,A111AA816,"4 ч, 13 мин","46 км, 145 м",13/14,92.85714285714286,Найм,6т,,10,A111AA816,,Черновик,28.03.2025,8023,3,Возврат тары,8023,,,55.668845;37.647295,,28.03.2025 03:04,28.03.2025 03:04,"0 ч, 0 мин",0,0,,,24.07,,,Паллета,,,
1,A111AA817,"3 ч, 50 мин","18 км, 170 м",14/14,100.0,Найм,6т,,11,A111AA817,,Черновик,28.03.2025,8023,1,Погрузка,8023,,,55.668845;37.647295,,28.03.2025 -2:40,28.03.2025 00:10,"1 ч, 30 мин",0,0,,,0.0,,,Паллета,,,
0,A111AA817,"3 ч, 50 мин","18 км, 170 м",14/14,100.0,Найм,6т,,11,A111AA817,,Черновик,28.03.2025,8023,2,Разгрузка,1337,,"г. Москва, Подольских Курсантов ул., д.10",55.60804;37.61597,,28.03.2025 01:00,28.03.2025 01:40,"0 ч, 40 мин",0,0,28.03.2025 00:41,28.03.2025 05:20,9.392,,14.0,Паллета,14,,
0,A111AA817,"3 ч, 50 мин","18 км, 170 м",14/14,100.0,Найм,6т,,11,A111AA817,,Черновик,28.03.2025,8023,3,Возврат тары,8023,,,55.668845;37.647295,,28.03.2025 02:30,28.03.2025 02:30,"0 ч, 0 мин",0,0,,,8.778,,,Паллета,,,
1,A111AA818,"7 ч, 37 мин","211 км, 679 м",16/16,100.0,Найм,7т,,12,A111AA818,,Черновик,28.03.2025,8023,1,Погрузка,8023,,,55.668845;37.647295,,28.03.2025 -1:48,28.03.2025 01:18,"1 ч, 30 мин",0,0,,,0.0,,,Паллета,,,
0,A111AA818,"7 ч, 37 мин","211 км, 679 м",16/16,100.0,Найм,7т,,12,A111AA818,,Черновик,28.03.2025,8023,2,Разгрузка,927128,,"МО, Орехово-Зуево, ул. Коминтерна 1б",55.80771;38.95496,,28.03.2025 03:16,28.03.2025 03:56,"0 ч, 40 мин",0,0,28.03.2025 00:41,28.03.2025 05:20,101.665,,6.3,Паллета,9,,
0,A111AA818,"7 ч, 37 мин","211 км, 679 м",16/16,100.0,Найм,7т,,12,A111AA818,,Черновик,28.03.2025,8023,3,Разгрузка,615,,"ООО ""Лента"", 142400, Московская обл., Ногинский р-н, г. Ногинск, ул. 2-я Глуховская, д.8, строения 1 и 2",55.8694;38.43667,,28.03.2025 05:13,28.03.2025 05:53,"0 ч, 40 мин",0,0,28.03.2025 00:41,28.03.2025 05:20,48.857,,7.0,Паллета,7,,
0,A111AA818,"7 ч, 37 мин","211 км, 679 м",16/16,100.0,Найм,7т,,12,A111AA818,,Черновик,28.03.2025,8023,4,Возврат тары,8023,,,55.668845;37.647295,,28.03.2025 07:25,28.03.2025 07:25,"0 ч, 0 мин",0,0,,,61.157,,,Паллета,,,
1,A111AA819,"4 ч, 31 мин","66 км, 263 м",15/16,93.75,Найм,7т,,13,A111AA819,,Черновик,28.03.2025,8023,1,Погрузка,8023,,,55.668845;37.647295,,28.03.2025 -1:00,28.03.2025 00:30,"1 ч, 30 мин",0,0,,,0.0,,,Паллета,,,
0,A111AA819,"4 ч, 31 мин","66 км, 263 м",15/16,93.75,Найм,7т,,13,A111AA819,,Черновик,28.03.2025,8023,2,Разгрузка,605,,"ООО ""Лента"", 123458, г. Москва, ул. Твардовского, д.2, стр.1, к.4",55.79663;37.39076,,28.03.2025 01:40,28.03.2025 02:20,"0 ч, 40 мин",0,0,28.03.2025 00:41,28.03.2025 05:20,31.947,,15.0,Паллета,15,,
0,A111AA819,"4 ч, 31 мин","66 км, 263 м",15/16,93.75,Найм,7т,,13,A111AA819,,Черновик,28.03.2025,8023,3,Возврат тары,8023,,,55.668845;37.647295,,28.03.2025 03:31,28.03.2025 03:31,"0 ч, 0 мин",0,0,,,34.316,,,Паллета,,,
1,A111AA820,"4 ч, 14 мин","45 км, 811 м",16/16,100.0,Найм,7т,,14,A111AA820,,Черновик,28.03.2025,8023,1,Погрузка,8023,,,55.668845;37.647295,,28.03.2025 -2:53,28.03.2025 00:23,"1 ч, 30 мин",0,0,,,0.0,,,Паллета,,,
0,A111AA820,"4 ч, 14 мин","45 км, 811 м",16/16,100.0,Найм,7т,,14,A111AA820,,Черновик,28.03.2025,8023,2,Разгрузка,639,,"ООО ""Лента"", 121354, г. Москва, ш. Можайское, д.39",55.71728;37.41404,,28.03.2025 01:26,28.03.2025 02:06,"0 ч, 40 мин",0,0,28.03.2025 00:41,28.03.2025 05:20,23.619,,16.0,Паллета,16,,
0,A111AA820,"4 ч, 14 мин","45 км, 811 м",16/16,100.0,Найм,7т,,14,A111AA820,,Черновик,28.03.2025,8023,3,Возврат тары,8023,,,55.668845;37.647295,,28.03.2025 03:07,28.03.2025 03:07,"0 ч, 0 мин",0,0,,,22.192,,,Паллета,,,
1,A111AA821,"3 ч, 59 мин","25 км, 430 м",12/16,75.0,Найм,7т,,15,A111AA821,,Черновик,28.03.2025,8023,1,Погрузка,8023,,,55.668845;37.647295,,28.03.2025 18:30,28.03.2025 20:00,"1 ч, 30 мин",0,0,,,0.0,,,Паллета,,,
0,A111AA821,"3 ч, 59 мин","25 км, 430 м",12/16,75.0,Найм,7т,,15,A111AA821,,Черновик,28.03.2025,8023,2,Разгрузка,1424,,"Москва г., Усачёва ул., д.35 стр.1",55.72269;37.56083,,28.03.2025 20:55,28.03.2025 21:35,"0 ч, 40 мин",0,0,28.03.2025 20:40,28.03.2025 22:20,13.066,,12.0,Паллета,12,,
0,A111AA821,"3 ч, 59 мин","25 км, 430 м",12/16,75.0,Найм,7т,,15,A111AA821,,Черновик,28.03.2025,8023,3,Возврат тары,8023,,,55.668845;37.647295,,28.03.2025 22:29,28.03.2025 22:29,"0 ч, 0 мин",0,0,,,12.364,,,Паллета,,,
1,A111AA834,"8 ч, 6 мин","149 км, 59 м",22/22,100.0,Найм,12т,,16,A111AA834,,Черновик,28.03.2025,8023,1,Погрузка,8023,,,55.668845;37.647295,,28.03.2025 -2:52,28.03.2025 00:22,"1 ч, 30 мин",0,0,,,0.0,,,Паллета,,,
0,A111AA834,"8 ч, 6 мин","149 км, 59 м",22/22,100.0,Найм,12т,,16,A111AA834,,Черновик,28.03.2025,8023,2,Разгрузка,1300,,"Москва г., Прокатная ул., д. 2",55.7594;37.83388,,28.03.2025 01:24,28.03.2025 02:04,"0 ч, 40 мин",0,0,28.03.2025 00:41,28.03.2025 05:20,20.814,,3.0,Паллета,3,,
0,A111AA834,"8 ч, 6 мин","149 км, 59 м",22/22,100.0,Найм,12т,,16,A111AA834,,Черновик,28.03.2025,8023,3,Разгрузка,643,,"ООО ""Лента"", 143360, Московская обл., Наро-Фоминский р-н, г. Апрелевка, ул. Августовская, д.14",55.54982;37.06844,,28.03.2025 03:33,28.03.2025 04:13,"0 ч, 40 мин",0,0,28.03.2025 00:41,28.03.2025 05:20,72.607,,13.0,Паллета,13,,
0,A111AA834,"8 ч, 6 мин","149 км, 59 м",22/22,100.0,Найм,12т,,16,A111AA834,,Черновик,28.03.2025,8023,4,Разгрузка,3044,,"МО, г. Апрелевка , ул. Некрасова 27/1",55.53387;37.05569,,28.03.2025 04:57,28.03.2025 05:37,"0 ч, 40 мин",0,0,28.03.2025 00:41,28.03.2025 05:20,2.671,,6.0,Паллета,6,,
0,A111AA834,"8 ч, 6 мин","149 км, 59 м",22/22,100.0,Найм,12т,,16,A111AA834,,Черновик,28.03.2025,8023,5,Возврат тары,8023,,,55.668845;37.647295,,28.03.2025 06:58,28.03.2025 06:58,"0 ч, 0 мин",0,0,,,52.967,,,Паллета,,,
1,A111AA837,"8 ч, 25 мин","149 км, 358 м",22/22,100.0,Найм,12т,,17,A111AA837,,Черновик,28.03.2025,8023,1,Погрузка,8023,,,55.668845;37.647295,,28.03.2025 -1:08,28.03.2025 00:38,"1 ч, 30 мин",0,0,,,0.0,,,Паллета,,,
0,A111AA837,"8 ч, 25 мин","149 км, 358 м",22/22,100.0,Найм,12т,,17,A111AA837,,Черновик,28.03.2025,8023,2,Разгрузка,616,,"ООО ""Лента"", 143922, Московская обл., г. Балашиха, мкр Заря, ул. Гагарина, 7,4",55.75751;38.08731,,28.03.2025 01:56,28.03.2025 02:36,"0 ч, 40 мин",0,0,28.03.2025 00:41,28.03.2025 05:20,39.179,,10.0,Паллета,10,,
0,A111AA837,"8 ч, 25 мин","149 км, 358 м",22/22,100.0,Найм,12т,,17,A111AA837,,Черновик,28.03.2025,8023,3,Разгрузка,3102,,"МО, Люберецкий р-он, п. Малаховка, Красковское ш. 1",55.64661;38.0035,,28.03.2025 03:42,28.03.2025 04:22,"0 ч, 40 мин",0,0,28.03.2025 00:41,28.03.2025 05:20,22.088,,8.0,Паллета,8,,
0,A111AA837,"8 ч, 25 мин","149 км, 358 м",22/22,100.0,Найм,12т,,17,A111AA837,,Черновик,28.03.2025,8023,4,Разгрузка,3038,,Москва г. Московский 1ый мкр. д. 158,55.59794;37.34664,,28.03.2025 05:46,28.03.2025 06:26,"0 ч, 40 мин",0,0,28.03.2025 00:41,28.03.2025 05:20,54.459,,4.0,Паллета,4,,
0,A111AA837,"8 ч, 25 мин","149 км, 358 м",22/22,100.0,Найм,12т,,17,A111AA837,,Черновик,28.03.2025,8023,5,Возврат тары,8023,,,55.668845;37.647295,,28.03.2025 07:33,28.03.2025 07:33,"0 ч, 0 мин",0,0,,,33.632,,,Паллета,,,
1,A111AA840,"6 ч, 9 мин","73 км, 804 м",22/22,100.0,Найм,12т,,18,A111AA840,,Черновик,28.03.2025,8023,1,Погрузка,8023,,,55.668845;37.647295,,28.03.2025 -2:59,28.03.2025 00:29,"1 ч, 30 мин",0,0,,,0.0,,,Паллета,,,
0,A111AA840,"6 ч, 9 мин","73 км, 804 м",22/22,100.0,Найм,12т,,18,A111AA840,,Черновик,28.03.2025,8023,2,Разгрузка,680,,"ООО ""Лента"", 125130, Москва, ул. Зои и Александра Космодемьянских, 23",55.82411;37.51809,,28.03.2025 01:38,28.03.2025 02:18,"0 ч, 40 мин",0,0,28.03.2025 00:41,28.03.2025 05:20,27.904,,12.0,Паллета,12,,
0,A111AA840,"6 ч, 9 мин","73 км, 804 м",22/22,100.0,Найм,12т,,18,A111AA840,,Черновик,28.03.2025,8023,3,Разгрузка,1386,,"Москва г., Исаковского ул., д 6 к 2",55.8169;37.40338,,28.03.2025 03:16,28.03.2025 03:56,"0 ч, 40 мин",0,0,28.03.2025 00:41,28.03.2025 05:20,12.084,,10.0,Паллета,10,,
0,A111AA840,"6 ч, 9 мин","73 км, 804 м",22/22,100.0,Найм,12т,,18,A111AA840,,Черновик,28.03.2025,8023,4,Возврат тары,8023,,,55.668845;37.647295,,28.03.2025 05:08,28.03.2025 05:08,"0 ч, 0 мин",0,0,,,33.816,,,Паллета,,,
1,A111AA842,"7 ч, 10 мин","56 км, 111 м",22/22,100.0,Найм,12т,,19,A111AA842,,Черновик,28.03.2025,8023,1,Погрузка,8023,,,55.668845;37.647295,,28.03.2025 -2:42,28.03.2025 00:12,"1 ч, 30 мин",0,0,,,0.0,,,Паллета,,,
0,A111AA842,"7 ч, 10 мин","56 км, 111 м",22/22,100.0,Найм,12т,,19,A111AA842,,Черновик,28.03.2025,8023,2,Разгрузка,1342,,"г. Москва, Обручева ул., д.55А",55.65073;37.5602,,28.03.2025 01:04,28.03.2025 01:44,"0 ч, 40 мин",0,0,28.03.2025 00:41,28.03.2025 06:20,9.282,,4.0,Паллета,4,,
0,A111AA842,"7 ч, 10 мин","56 км, 111 м",22/22,100.0,Найм,12т,,19,A111AA842,,Черновик,28.03.2025,8023,3,Разгрузка,661,,"ООО ""Лента"", 142700, Московская обл.,Ленинский р-н, г. Видное, Березовая ул.,д.1А",55.54722;37.71929,,28.03.2025 02:46,28.03.2025 03:26,"0 ч, 40 мин",0,0,28.03.2025 00:41,28.03.2025 05:20,24.98,,11.0,Паллета,11,,
0,A111AA842,"7 ч, 10 мин","56 км, 111 м",22/22,100.0,Найм,12т,,19,A111AA842,,Черновик,28.03.2025,8023,4,Разгрузка,3039,,"МО, г.Видное, Расторгуево, Булатниковская, 1ю",55.54795;37.6852,,28.03.2025 04:13,28.03.2025 04:53,"0 ч, 40 мин",0,0,28.03.2025 00:41,28.03.2025 05:20,4.513,,7.0,Паллета,7,,
0,A111AA842,"7 ч, 10 мин","56 км, 111 м",22/22,100.0,Найм,12т,,19,A111AA842,,Черновик,28.03.2025,8023,5,Возврат тары,8023,,,55.668845;37.647295,,28.03.2025 05:52,28.03.2025 05:52,"0 ч, 0 мин",0,0,,,17.336,,,Паллета,,,
1,A111AA843,"5 ч, 32 мин","37 км, 243 м",19/22,86.36363636363636,Найм,12т,,20,A111AA843,,Черновик,28.03.2025,8023,1,Погрузка,8023,,,55.668845;37.647295,,28.03.2025 -2:48,28.03.2025 00:18,"1 ч, 30 мин",0,0,,,0.0,,,Паллета,,,
0,A111AA843,"5 ч, 32 мин","37 км, 243 м",19/22,86.36363636363636,Найм,12т,,20,A111AA843,,Черновик,28.03.2025,8023,2,Разгрузка,1306,,"Москва г., Перовская ул., д 32 стр 1",55.74522;37.77629,,28.03.2025 01:16,28.03.2025 01:56,"0 ч, 40 мин",0,0,28.03.2025 00:41,28.03.2025 05:20,16.67,,5.0,Паллета,5,,
0,A111AA843,"5 ч, 32 мин","37 км, 243 м",19/22,86.36363636363636,Найм,12т,,20,A111AA843,,Черновик,28.03.2025,8023,3,Разгрузка,626,,"ООО ""Лента"", 105118, г.Москва, пр-кт. Буденного, 18,Б",55.76739;37.72901,,28.03.2025 02:43,28.03.2025 03:23,"0 ч, 40 мин",0,0,28.03.2025 00:41,28.03.2025 05:20,5.221,,14.0,Паллета,14,,
0,A111AA843,"5 ч, 32 мин","37 км, 243 м",19/22,86.36363636363636,Найм,12т,,20,A111AA843,,Черновик,28.03.2025,8023,4,Возврат тары,8023,,,55.668845;37.647295,,28.03.2025 04:20,28.03.2025 04:20,"0 ч, 0 мин",0,0,,,15.352,,,Паллета,,,
1,A111AA844,"5 ч, 30 мин","34 км, 781 м",17/22,77.27272727272727,Найм,12т,,21,A111AA844,,Черновик,28.03.2025,8023,1,Погрузка,8023,,,55.668845;37.647295,,28.03.2025 -2:44,28.03.2025 00:14,"1 ч, 30 мин",0,0,,,0.0,,,Паллета,,,
0,A111AA844,"5 ч, 30 мин","34 км, 781 м",17/22,77.27272727272727,Найм,12т,,21,A111AA844,,Черновик,28.03.2025,8023,2,Разгрузка,1338,,"ул. Генерала Белова, д. 59",55.60283;37.72727,,28.03.2025 01:08,28.03.2025 01:48,"0 ч, 40 мин",0,0,28.03.2025 00:41,28.03.2025 05:20,11.32,,7.0,Паллета,7,,
0,A111AA844,"5 ч, 30 мин","34 км, 781 м",17/22,77.27272727272727,Найм,12т,,21,A111AA844,,Черновик,28.03.2025,8023,3,Разгрузка,1360,,"г. Москва, Харьковская ул., д.2",55.58785;37.65297,,28.03.2025 02:39,28.03.2025 03:19,"0 ч, 40 мин",0,0,28.03.2025 00:41,28.03.2025 05:20,10.463,,10.0,Паллета,10,,
0,A111AA844,"5 ч, 30 мин","34 км, 781 м",17/22,77.27272727272727,Найм,12т,,21,A111AA844,,Черновик,28.03.2025,8023,4,Возврат тары,8023,,,55.668845;37.647295,,28.03.2025 04:14,28.03.2025 04:14,"0 ч, 0 мин",0,0,,,12.998,,,Паллета,,,
1,A111AA845,"4 ч, 40 мин","78 км, 359 м",19/22,86.36363636363636,Найм,12т,,22,A111AA845,,Черновик,28.03.2025,8023,1,Погрузка,8023,,,55.668845;37.647295,,28.03.2025 -1:05,28.03.2025 00:35,"1 ч, 30 мин",0,0,,,0.0,,,Паллета,,,
0,A111AA845,"4 ч, 40 мин","78 км, 359 м",19/22,86.36363636363636,Найм,12т,,22,A111AA845,,Черновик,28.03.2025,8023,2,Разгрузка,623,,"ООО ""Лента"", 141006, Московская обл., Мытищинский р-н, г. Мытищи, ул. 1-я Пролетарская, д. 12",55.92301;37.76932,,28.03.2025 01:50,28.03.2025 02:30,"0 ч, 40 мин",0,0,28.03.2025 00:41,28.03.2025 05:20,38.526,,19.0,Паллета,19,,
0,A111AA845,"4 ч, 40 мин","78 км, 359 м",19/22,86.36363636363636,Найм,12т,,22,A111AA845,,Черновик,28.03.2025,8023,3,Возврат тары,8023,,,55.668845;37.647295,,28.03.2025 03:45,28.03.2025 03:45,"0 ч, 0 мин",0,0,,,39.833,,,Паллета,,,
1,A111AA846,"4 ч, 29 мин","63 км, 747 м",22/22,100.0,Найм,12т,,23,A111AA846,,Черновик,28.03.2025,8023,1,Погрузка,8023,,,55.668845;37.647295,,28.03.2025 -1:00,28.03.2025 00:30,"1 ч, 30 мин",0,0,,,0.0,,,Паллета,,,
0,A111AA846,"4 ч, 29 мин","63 км, 747 м",22/22,100.0,Найм,12т,,23,A111AA846,,Черновик,28.03.2025,8023,2,Разгрузка,673,,"ООО ""Лента"", 125195, Москва, ул. Беломорская, 16А",55.86268;37.47119,,28.03.2025 01:40,28.03.2025 02:20,"0 ч, 40 мин",0,0,28.03.2025 00:41,28.03.2025 05:20,31.952,,22.0,Паллета,22,,
0,A111AA846,"4 ч, 29 мин","63 км, 747 м",22/22,100.0,Найм,12т,,23,A111AA846,,Черновик,28.03.2025,8023,3,Возврат тары,8023,,,55.668845;37.647295,,28.03.2025 03:29,28.03.2025 03:29,"0 ч, 0 мин",0,0,,,31.795,,,Паллета,,,
1,A111AA847,"4 ч, 12 мин","45 км, 639 м",18/22,81.81818181818181,Найм,12т,,24,A111AA847,,Черновик,28.03.2025,8023,1,Погрузка,8023,,,55.668845;37.647295,,28.03.2025 18:30,28.03.2025 20:00,"1 ч, 30 мин",0,0,,,0.0,,,Паллета,,,
0,A111AA847,"4 ч, 12 мин","45 км, 639 м",18/22,81.81818181818181,Найм,12т,,24,A111AA847,,Черновик,28.03.2025,8023,2,Разгрузка,1320,,"г. Москва, Генерала Тюленева ул., д.4А стр.3",55.62549;37.48352,,28.03.2025 21:01,28.03.2025 21:41,"0 ч, 40 мин",0,0,28.03.2025 20:40,28.03.2025 23:19,22.699,,18.0,Паллета,18,,
0,A111AA847,"4 ч, 12 мин","45 км, 639 м",18/22,81.81818181818181,Найм,12т,,24,A111AA847,,Черновик,28.03.2025,8023,3,Возврат тары,8023,,,55.668845;37.647295,,28.03.2025 22:42,28.03.2025 22:42,"0 ч, 0 мин",0,0,,,22.94,,,Паллета,,,
1,A111AA848,"4 ч, 40 мин","74 км, 121 м",19/22,86.36363636363636,Найм,12т,,25,A111AA848,,Черновик,28.03.2025,8023,1,Погрузка,8023,,,55.668845;37.647295,,28.03.2025 -1:05,28.03.2025 00:35,"1 ч, 30 мин",0,0,,,0.0,,,Паллета,,,
0,A111AA848,"4 ч, 40 мин","74 км, 121 м",19/22,86.36363636363636,Найм,12т,,25,A111AA848,,Черновик,28.03.2025,8023,2,Разгрузка,1459,,"г. Красногорск, ул. Большая Воскресенская, 1",55.81654;37.34227,,28.03.2025 01:50,28.03.2025 02:30,"0 ч, 40 мин",0,0,28.03.2025 00:41,28.03.2025 05:20,37.082,,19.0,Паллета,19,,
0,A111AA848,"4 ч, 40 мин","74 км, 121 м",19/22,86.36363636363636,Найм,12т,,25,A111AA848,,Черновик,28.03.2025,8023,3,Возврат тары,8023,,,55.668845;37.647295,,28.03.2025 03:45,28.03.2025 03:45,"0 ч, 0 мин",0,0,,,37.039,,,Паллета,,,
1,A111AA849,"8 ч, 4 мин","112 км, 245 м",31/32,96.875,Найм,15т,,26,A111AA849,,Черновик,28.03.2025,8023,1,Погрузка,8023,,,55.668845;37.647295,,28.03.2025 -1:01,28.03.2025 00:31,"1 ч, 30 мин",0,0,,,0.0,,,Паллета,,,
0,A111AA849,"8 ч, 4 мин","112 км, 245 м",31/32,96.875,Найм,15т,,26,A111AA849,,Черновик,28.03.2025,8023,2,Разгрузка,607,,"ООО ""Лента"", 125362, г. Москва, ул. Тушинская, д.17",55.82667;37.44479,,28.03.2025 01:42,28.03.2025 02:22,"0 ч, 40 мин",0,0,28.03.2025 00:41,28.03.2025 05:20,30.463,,8.0,Паллета,8,,
0,A111AA849,"8 ч, 4 мин","112 км, 245 м",31/32,96.875,Найм,15т,,26,A111AA849,,Черновик,28.03.2025,8023,3,Разгрузка,1388,,"Москва г., Яна Райниса б-р, д 41",55.85013;37.41134,,28.03.2025 03:12,28.03.2025 03:52,"0 ч, 40 мин",0,0,28.03.2025 00:41,28.03.2025 05:20,7.078,,9.0,Паллета,9,,
0,A111AA849,"8 ч, 4 мин","112 км, 245 м",31/32,96.875,Найм,15т,,26,A111AA849,,Черновик,28.03.2025,8023,4,Разгрузка,667,,"ООО ""Лента"", 143433, Московская обл., г. Красногорск, Нахабино рп, ул. Школьная, д.2",55.84181;37.1458,,28.03.2025 04:58,28.03.2025 05:38,"0 ч, 40 мин",0,0,28.03.2025 00:41,28.03.2025 05:20,19.602,,14.0,Паллета,14,,
0,A111AA849,"8 ч, 4 мин","112 км, 245 м",31/32,96.875,Найм,15т,,26,A111AA849,,Черновик,28.03.2025,8023,5,Возврат тары,8023,,,55.668845;37.647295,,28.03.2025 07:05,28.03.2025 07:05,"0 ч, 0 мин",0,0,,,55.102,,,Паллета,,,
1,A111AA850,"7 ч, 34 мин","92 км, 80 м",32/32,100.0,Найм,15т,,27,A111AA850,,Черновик,28.03.2025,8023,1,Погрузка,8023,,,55.668845;37.647295,,28.03.2025 -2:53,28.03.2025 00:23,"1 ч, 30 мин",0,0,,,0.0,,,Паллета,,,
0,A111AA850,"7 ч, 34 мин","92 км, 80 м",32/32,100.0,Найм,15т,,27,A111AA850,,Черновик,28.03.2025,8023,2,Разгрузка,1403,,"г. Люберцы, 3-е Почтовое отделение, д.100",55.68376;37.86583,,28.03.2025 01:26,28.03.2025 02:06,"0 ч, 40 мин",0,0,28.03.2025 00:41,28.03.2025 05:20,20.703,,8.0,Паллета,8,,
0,A111AA850,"7 ч, 34 мин","92 км, 80 м",32/32,100.0,Найм,15т,,27,A111AA850,,Черновик,28.03.2025,8023,3,Разгрузка,1331,,"Москва г, Широкая ул., д 12Б",55.88661;37.66032,,28.03.2025 03:12,28.03.2025 03:52,"0 ч, 40 мин",0,0,28.03.2025 00:41,28.03.2025 05:20,32.994,,19.0,Паллета,19,,
0,A111AA850,"7 ч, 34 мин","92 км, 80 м",32/32,100.0,Найм,15т,,27,A111AA850,,Черновик,28.03.2025,8023,4,Разгрузка,1370,,"Москва г., Широкая ул., д 31 к 5",55.8876;37.67846,,28.03.2025 04:35,28.03.2025 05:15,"0 ч, 40 мин",0,0,28.03.2025 00:41,28.03.2025 05:20,1.442,,5.0,Паллета,5,,
0,A111AA850,"7 ч, 34 мин","92 км, 80 м",32/32,100.0,Найм,15т,,27,A111AA850,,Черновик,28.03.2025,8023,5,Возврат тары,8023,,,55.668845;37.647295,,28.03.2025 06:27,28.03.2025 06:27,"0 ч, 0 мин",0,0,,,36.941,,,Паллета,,,
1,A111AA851,"5 ч, 59 мин","77 км, 701 м",31/32,96.875,Найм,15т,,28,A111AA851,,Черновик,28.03.2025,8023,1,Погрузка,8023,,,55.668845;37.647295,,28.03.2025 -1:03,28.03.2025 00:33,"1 ч, 30 мин",0,0,,,0.0,,,Паллета,,,
0,A111AA851,"5 ч, 59 мин","77 км, 701 м",31/32,96.875,Найм,15т,,28,A111AA851,,Черновик,28.03.2025,8023,2,Разгрузка,1435,,"Московская обл., Одинцово г., Можайское шоссе, д.71",55.6779;37.28123,,28.03.2025 01:46,28.03.2025 02:26,"0 ч, 40 мин",0,0,28.03.2025 00:41,28.03.2025 05:20,41.545,,17.0,Паллета,17,,
0,A111AA851,"5 ч, 59 мин","77 км, 701 м",31/32,96.875,Найм,15т,,28,A111AA851,,Черновик,28.03.2025,8023,3,Разгрузка,660,,"ООО ""Лента"", 143002, Московская область, Одинцовский р-н, г. Одинцово, Можайское ш, 1А",55.6693;37.25729,,28.03.2025 03:10,28.03.2025 03:50,"0 ч, 40 мин",0,0,28.03.2025 00:41,28.03.2025 05:20,2.103,,14.0,Паллета,14,,
0,A111AA851,"5 ч, 59 мин","77 км, 701 м",31/32,96.875,Найм,15т,,28,A111AA851,,Черновик,28.03.2025,8023,4,Возврат тары,8023,,,55.668845;37.647295,,28.03.2025 05:02,28.03.2025 05:02,"0 ч, 0 мин",0,0,,,34.053,,,Паллета,,,
